<?xml version='1.0' encoding='UTF-8'?>
<?artifactRepository version='1.1.0'?>
<repository name='Bundle pool' type='org.eclipse.equinox.p2.artifact.repository.simpleRepository' version='1'>
  <properties size='2'>
    <property name='p2.system' value='true'/>
    <property name='p2.timestamp' value='1469618561361'/>
  </properties>
  <mappings size='3'>
    <rule filter='(&amp; (classifier=osgi.bundle))' output='${repoUrl}/plugins/${id}_${version}.jar'/>
    <rule filter='(&amp; (classifier=binary))' output='${repoUrl}/binary/${id}_${version}'/>
    <rule filter='(&amp; (classifier=org.eclipse.update.feature))' output='${repoUrl}/features/${id}_${version}.jar'/>
  </mappings>
  <artifacts size='172'>
    <artifact classifier='osgi.bundle' id='org.apache.ant' version='1.9.2.v201404171502'>
      <properties size='1'>
        <property name='download.size' value='2416907'/>
      </properties>
      <repositoryProperties size='1'>
        <property name='artifact.folder' value='true'/>
      </repositoryProperties>
    </artifact>
    <artifact classifier='osgi.bundle' id='org.eclipse.core.filebuffers' version='3.5.400.v20140127-1516'>
      <properties size='1'>
        <property name='download.size' value='114686'/>
      </properties>
    </artifact>
    <artifact classifier='osgi.bundle' id='org.eclipse.e4.ui.widgets' version='1.0.0.v20140514-1823'>
      <properties size='1'>
        <property name='download.size' value='14566'/>
      </properties>
    </artifact>
    <artifact classifier='osgi.bundle' id='org.eclipse.jface' version='3.10.2.v20141021-1035'>
      <properties size='1'>
        <property name='download.size' value='1159393'/>
      </properties>
    </artifact>
    <artifact classifier='osgi.bundle' id='org.eclipse.emf.ecore.xmi' version='2.11.0.v20150512-0501'>
      <properties size='1'>
        <property name='download.size' value='228930'/>
      </properties>
    </artifact>
    <artifact classifier='osgi.bundle' id='org.eclipse.equinox.p2.repository' version='2.3.0.v20131211-1531'>
      <properties size='1'>
        <property name='download.size' value='129529'/>
      </properties>
    </artifact>
    <artifact classifier='osgi.bundle' id='org.slf4j.impl.log4j12' version='1.7.2.v20131105-2200'>
      <properties size='1'>
        <property name='download.size' value='16473'/>
      </properties>
    </artifact>
    <artifact classifier='osgi.bundle' id='org.eclipse.emf.edit' version='2.11.0.v20150601-0402'>
      <properties size='1'>
        <property name='download.size' value='277904'/>
      </properties>
    </artifact>
    <artifact classifier='osgi.bundle' id='org.eclipse.ui.workbench' version='3.106.2.v20150204-1030'>
      <properties size='1'>
        <property name='download.size' value='4011300'/>
      </properties>
    </artifact>
    <artifact classifier='osgi.bundle' id='org.eclipse.team.core' version='3.7.0.v20130514-1224'>
      <properties size='1'>
        <property name='download.size' value='403539'/>
      </properties>
    </artifact>
    <artifact classifier='osgi.bundle' id='org.eclipse.ui.editors' version='3.8.200.v20140401-1310'>
      <properties size='1'>
        <property name='download.size' value='577058'/>
      </properties>
    </artifact>
    <artifact classifier='osgi.bundle' id='org.antlr.runtime' version='3.2.0.v201101311130'>
      <properties size='1'>
        <property name='download.size' value='205967'/>
      </properties>
    </artifact>
    <artifact classifier='osgi.bundle' id='org.eclipse.jdt.core' version='3.10.2.v20150120-1634'>
      <properties size='1'>
        <property name='download.size' value='5575866'/>
      </properties>
    </artifact>
    <artifact classifier='osgi.bundle' id='org.eclipse.core.databinding.property' version='1.4.200.v20140214-0004'>
      <properties size='1'>
        <property name='download.size' value='169049'/>
      </properties>
    </artifact>
    <artifact classifier='osgi.bundle' id='org.eclipse.ltk.core.refactoring' version='3.6.101.v20140817-1500'>
      <properties size='1'>
        <property name='download.size' value='326284'/>
      </properties>
    </artifact>
    <artifact classifier='osgi.bundle' id='org.eclipse.ui.win32' version='3.2.400.v20140423-2207'>
      <properties size='1'>
        <property name='download.size' value='25681'/>
      </properties>
    </artifact>
    <artifact classifier='osgi.bundle' id='org.eclipse.core.variables' version='3.2.800.v20130819-1716'>
      <properties size='1'>
        <property name='download.size' value='34860'/>
      </properties>
    </artifact>
    <artifact classifier='osgi.bundle' id='org.eclipse.e4.ui.workbench.addons.swt' version='1.1.2.v20141126-1310'>
      <properties size='1'>
        <property name='download.size' value='144506'/>
      </properties>
    </artifact>
    <artifact classifier='osgi.bundle' id='org.eclipse.e4.core.commands' version='0.10.2.v20140424-2344'>
      <properties size='1'>
        <property name='download.size' value='25577'/>
      </properties>
    </artifact>
    <artifact classifier='osgi.bundle' id='org.eclipse.equinox.weaving.hook' version='1.1.1.v20140821-1918'>
      <properties size='1'>
        <property name='download.size' value='50319'/>
      </properties>
    </artifact>
    <artifact classifier='osgi.bundle' id='org.eclipse.xtext.xtext.generator' version='2.10.0.v201605250459'>
      <properties size='1'>
        <property name='download.size' value='1627310'/>
      </properties>
    </artifact>
    <artifact classifier='osgi.bundle' id='org.eclipse.xtext' version='2.10.0.v201605250459'>
      <properties size='1'>
        <property name='download.size' value='2604676'/>
      </properties>
    </artifact>
    <artifact classifier='osgi.bundle' id='org.eclipse.e4.ui.workbench.swt' version='0.12.100.v20141126-1150'>
      <properties size='1'>
        <property name='download.size' value='184491'/>
      </properties>
    </artifact>
    <artifact classifier='osgi.bundle' id='javax.annotation' version='1.2.0.v201401042248'>
      <properties size='1'>
        <property name='download.size' value='28155'/>
      </properties>
    </artifact>
    <artifact classifier='osgi.bundle' id='org.apache.httpcomponents.httpclient' version='4.3.6.v201411290715'>
      <properties size='1'>
        <property name='download.size' value='850307'/>
      </properties>
    </artifact>
    <artifact classifier='osgi.bundle' id='org.eclipse.core.commands' version='3.6.100.v20140528-1422'>
      <properties size='1'>
        <property name='download.size' value='109245'/>
      </properties>
    </artifact>
    <artifact classifier='osgi.bundle' id='org.eclipse.xtend.typesystem.emf' version='2.2.0.v201605260315'>
      <properties size='1'>
        <property name='download.size' value='65909'/>
      </properties>
    </artifact>
    <artifact classifier='osgi.bundle' id='org.eclipse.ui.workbench.texteditor' version='3.9.0.v20140411-1521'>
      <properties size='1'>
        <property name='download.size' value='585549'/>
      </properties>
    </artifact>
    <artifact classifier='osgi.bundle' id='org.w3c.dom.svg' version='1.1.0.v201011041433'>
      <properties size='1'>
        <property name='download.size' value='87897'/>
      </properties>
    </artifact>
    <artifact classifier='osgi.bundle' id='org.eclipse.equinox.launcher' version='1.3.0.v20140415-2008'>
      <properties size='1'>
        <property name='download.size' value='50200'/>
      </properties>
    </artifact>
    <artifact classifier='osgi.bundle' id='org.eclipse.xtext.xbase.lib' version='2.10.0.v201605250459'>
      <properties size='1'>
        <property name='download.size' value='138744'/>
      </properties>
    </artifact>
    <artifact classifier='osgi.bundle' id='org.apache.commons.io' version='2.2.0.v201405211200'>
      <properties size='1'>
        <property name='download.size' value='194676'/>
      </properties>
    </artifact>
    <artifact classifier='osgi.bundle' id='org.eclipse.e4.ui.model.workbench' version='1.1.0.v20140512-1820'>
      <properties size='1'>
        <property name='download.size' value='376065'/>
      </properties>
    </artifact>
    <artifact classifier='osgi.bundle' id='org.eclipse.jface.databinding' version='1.6.200.v20140528-1422'>
      <properties size='1'>
        <property name='download.size' value='278278'/>
      </properties>
    </artifact>
    <artifact classifier='osgi.bundle' id='org.apache.batik.css' version='1.7.0.v201011041433'>
      <properties size='1'>
        <property name='download.size' value='343722'/>
      </properties>
    </artifact>
    <artifact classifier='osgi.bundle' id='org.eclipse.core.expressions' version='3.4.600.v20140128-0851'>
      <properties size='1'>
        <property name='download.size' value='88716'/>
      </properties>
    </artifact>
    <artifact classifier='osgi.bundle' id='org.eclipse.equinox.transforms.hook' version='1.1.0.v20131021-1933'>
      <properties size='1'>
        <property name='download.size' value='29308'/>
      </properties>
    </artifact>
    <artifact classifier='osgi.bundle' id='org.eclipse.xtend.lib' version='2.10.0.v201605250459'>
      <properties size='1'>
        <property name='download.size' value='231190'/>
      </properties>
    </artifact>
    <artifact classifier='osgi.bundle' id='org.eclipse.emf.ecore.change' version='2.11.0.v20150512-0501'>
      <properties size='1'>
        <property name='download.size' value='86045'/>
      </properties>
    </artifact>
    <artifact classifier='osgi.bundle' id='org.eclipse.text' version='3.5.300.v20130515-1451'>
      <properties size='1'>
        <property name='download.size' value='249432'/>
      </properties>
    </artifact>
    <artifact classifier='osgi.bundle' id='org.eclipse.xtext.common.types.edit' version='2.10.0.v201605250459'>
      <properties size='1'>
        <property name='download.size' value='241884'/>
      </properties>
    </artifact>
    <artifact classifier='osgi.bundle' id='javax.xml' version='1.3.4.v201005080400'>
      <properties size='1'>
        <property name='download.size' value='237996'/>
      </properties>
    </artifact>
    <artifact classifier='osgi.bundle' id='org.eclipse.core.databinding' version='1.4.2.v20140729-1044'>
      <properties size='1'>
        <property name='download.size' value='202134'/>
      </properties>
    </artifact>
    <artifact classifier='osgi.bundle' id='org.eclipse.equinox.event' version='1.3.100.v20140115-1647'>
      <properties size='1'>
        <property name='download.size' value='32352'/>
      </properties>
    </artifact>
    <artifact classifier='osgi.bundle' id='org.apache.batik.util.gui' version='1.7.0.v200903091627'>
      <properties size='1'>
        <property name='download.size' value='201287'/>
      </properties>
    </artifact>
    <artifact classifier='osgi.bundle' id='org.eclipse.equinox.ds' version='1.4.200.v20131126-2331'>
      <properties size='1'>
        <property name='download.size' value='194802'/>
      </properties>
    </artifact>
    <artifact classifier='osgi.bundle' id='org.eclipse.e4.ui.services' version='1.1.0.v20140328-1925'>
      <properties size='1'>
        <property name='download.size' value='26059'/>
      </properties>
    </artifact>
    <artifact classifier='osgi.bundle' id='org.slf4j.api' version='1.7.2.v20121108-1250'>
      <properties size='1'>
        <property name='download.size' value='35173'/>
      </properties>
    </artifact>
    <artifact classifier='osgi.bundle' id='org.eclipse.emf.mwe2.lib' version='2.9.0.v201605261103'>
      <properties size='1'>
        <property name='download.size' value='33468'/>
      </properties>
    </artifact>
    <artifact classifier='osgi.bundle' id='org.eclipse.e4.core.di.extensions' version='0.12.0.v20140417-2033'>
      <properties size='1'>
        <property name='download.size' value='28576'/>
      </properties>
    </artifact>
    <artifact classifier='osgi.bundle' id='org.eclipse.emf.codegen' version='2.11.0.v20150601-0402'>
      <properties size='1'>
        <property name='download.size' value='287800'/>
      </properties>
    </artifact>
    <artifact classifier='osgi.bundle' id='org.eclipse.emf.mwe.utils' version='1.3.20.v201605261103'>
      <properties size='1'>
        <property name='download.size' value='37631'/>
      </properties>
    </artifact>
    <artifact classifier='osgi.bundle' id='org.objectweb.asm' version='5.0.1.v201404251740'>
      <properties size='1'>
        <property name='download.size' value='64028'/>
      </properties>
    </artifact>
    <artifact classifier='osgi.bundle' id='org.eclipse.equinox.registry' version='3.5.400.v20140428-1507'>
      <properties size='1'>
        <property name='download.size' value='183511'/>
      </properties>
    </artifact>
    <artifact classifier='osgi.bundle' id='com.datastax.devcenter.cql.ui' version='1.6.0'>
      <properties size='1'>
        <property name='download.size' value='754619'/>
      </properties>
    </artifact>
    <artifact classifier='osgi.bundle' id='org.eclipse.jface.text' version='3.9.2.v20141003-1326'>
      <properties size='1'>
        <property name='download.size' value='1000451'/>
      </properties>
    </artifact>
    <artifact classifier='osgi.bundle' id='org.eclipse.ui' version='3.106.1.v20141002-1150'>
      <properties size='1'>
        <property name='download.size' value='268709'/>
      </properties>
    </artifact>
    <artifact classifier='osgi.bundle' id='org.codehaus.jackson.mapper' version='1.6.0.v20101005-0925'>
      <properties size='1'>
        <property name='download.size' value='558853'/>
      </properties>
    </artifact>
    <artifact classifier='osgi.bundle' id='com.google.guava' version='18.0.0'>
      <properties size='1'>
        <property name='download.size' value='2256213'/>
      </properties>
    </artifact>
    <artifact classifier='osgi.bundle' id='org.eclipse.e4.ui.css.swt' version='0.11.101.v20140818-1343'>
      <properties size='1'>
        <property name='download.size' value='198834'/>
      </properties>
    </artifact>
    <artifact classifier='osgi.bundle' id='org.apache.commons.collections' version='3.2.0.v2013030210310'>
      <properties size='1'>
        <property name='download.size' value='612508'/>
      </properties>
    </artifact>
    <artifact classifier='osgi.bundle' id='org.eclipse.core.jobs' version='3.6.1.v20141014-1248'>
      <properties size='1'>
        <property name='download.size' value='97486'/>
      </properties>
    </artifact>
    <artifact classifier='osgi.bundle' id='org.eclipse.emf.ecore.editor' version='2.11.0.v20150601-0402'>
      <properties size='1'>
        <property name='download.size' value='110834'/>
      </properties>
    </artifact>
    <artifact classifier='osgi.bundle' id='org.eclipse.debug.ui' version='3.10.2.v20141014-1039'>
      <properties size='1'>
        <property name='download.size' value='2831535'/>
      </properties>
    </artifact>
    <artifact classifier='osgi.bundle' id='org.eclipse.core.runtime' version='3.10.0.v20140318-2214'>
      <properties size='1'>
        <property name='download.size' value='75169'/>
      </properties>
    </artifact>
    <artifact classifier='osgi.bundle' id='org.eclipse.compare' version='3.5.501.v20140817-1445'>
      <properties size='1'>
        <property name='download.size' value='755164'/>
      </properties>
    </artifact>
    <artifact classifier='osgi.bundle' id='org.eclipse.equinox.launcher.win32.win32.x86_64' version='1.1.200.v20150204-1316'>
      <properties size='1'>
        <property name='download.size' value='29568'/>
      </properties>
      <repositoryProperties size='1'>
        <property name='artifact.folder' value='true'/>
      </repositoryProperties>
    </artifact>
    <artifact classifier='osgi.bundle' id='org.eclipse.debug.core' version='3.9.1.v20140805-1629'>
      <properties size='1'>
        <property name='download.size' value='358204'/>
      </properties>
    </artifact>
    <artifact classifier='osgi.bundle' id='org.eclipse.equinox.p2.metadata.repository' version='1.2.100.v20131209-2144'>
      <properties size='1'>
        <property name='download.size' value='115784'/>
      </properties>
    </artifact>
    <artifact classifier='osgi.bundle' id='org.eclipse.jdt.launching' version='3.7.102.v20141111-0953'>
      <properties size='1'>
        <property name='download.size' value='323041'/>
      </properties>
    </artifact>
    <artifact classifier='osgi.bundle' id='org.eclipse.equinox.bidi' version='0.10.0.v20130327-1442'>
      <properties size='1'>
        <property name='download.size' value='48549'/>
      </properties>
    </artifact>
    <artifact classifier='osgi.bundle' id='org.eclipse.xpand' version='2.2.0.v201605260315'>
      <properties size='1'>
        <property name='download.size' value='234190'/>
      </properties>
    </artifact>
    <artifact classifier='osgi.bundle' id='org.eclipse.core.filesystem' version='1.4.100.v20140514-1614'>
      <properties size='1'>
        <property name='download.size' value='58234'/>
      </properties>
    </artifact>
    <artifact classifier='osgi.bundle' id='org.eclipse.e4.core.di' version='1.4.0.v20140414-1837'>
      <properties size='1'>
        <property name='download.size' value='54286'/>
      </properties>
    </artifact>
    <artifact classifier='osgi.bundle' id='org.eclipse.e4.ui.bindings' version='0.10.200.v20140424-2042'>
      <properties size='1'>
        <property name='download.size' value='49649'/>
      </properties>
    </artifact>
    <artifact classifier='osgi.bundle' id='org.eclipse.xtext.generator' version='2.10.0.v201605250459'>
      <properties size='1'>
        <property name='download.size' value='898865'/>
      </properties>
    </artifact>
    <artifact classifier='osgi.bundle' id='org.eclipse.xtext.ui.shared' version='2.10.0.v201605250459'>
      <properties size='1'>
        <property name='download.size' value='54023'/>
      </properties>
    </artifact>
    <artifact classifier='osgi.bundle' id='org.eclipse.equinox.util' version='1.0.500.v20130404-1337'>
      <properties size='1'>
        <property name='download.size' value='77932'/>
      </properties>
    </artifact>
    <artifact classifier='osgi.bundle' id='org.eclipse.ui.navigator.resources' version='3.4.700.v20140407-1004'>
      <properties size='1'>
        <property name='download.size' value='128392'/>
      </properties>
    </artifact>
    <artifact classifier='osgi.bundle' id='org.codehaus.jackson.core' version='1.6.0.v20101005-0925'>
      <properties size='1'>
        <property name='download.size' value='210307'/>
      </properties>
    </artifact>
    <artifact classifier='osgi.bundle' id='org.eclipse.emf.common.ui' version='2.10.0.v20150601-0402'>
      <properties size='1'>
        <property name='download.size' value='155009'/>
      </properties>
    </artifact>
    <artifact classifier='osgi.bundle' id='org.eclipse.equinox.security.win32.x86_64' version='1.0.100.v20130327-1442'>
      <properties size='1'>
        <property name='download.size' value='35334'/>
      </properties>
    </artifact>
    <artifact classifier='osgi.bundle' id='org.eclipse.emf.mwe2.runtime' version='2.9.0.v201605261103'>
      <properties size='1'>
        <property name='download.size' value='15430'/>
      </properties>
    </artifact>
    <artifact classifier='osgi.bundle' id='org.eclipse.e4.ui.workbench3' version='0.12.0.v20140227-2118'>
      <properties size='1'>
        <property name='download.size' value='10248'/>
      </properties>
    </artifact>
    <artifact classifier='osgi.bundle' id='org.eclipse.ui.views.properties.tabbed' version='3.6.0.v20140519-0906'>
      <properties size='1'>
        <property name='download.size' value='105984'/>
      </properties>
    </artifact>
    <artifact classifier='osgi.bundle' id='org.eclipse.jdt.compiler.apt' version='1.1.0.v20150122-0735'>
      <properties size='1'>
        <property name='download.size' value='161687'/>
      </properties>
    </artifact>
    <artifact classifier='osgi.bundle' id='org.eclipse.xtext.smap' version='2.10.0.v201605250459'>
      <properties size='1'>
        <property name='download.size' value='16605'/>
      </properties>
    </artifact>
    <artifact classifier='osgi.bundle' id='com.datastax.devcenter.ide' version='1.6.0'>
      <properties size='1'>
        <property name='download.size' value='703363'/>
      </properties>
    </artifact>
    <artifact classifier='osgi.bundle' id='org.eclipse.core.resources' version='3.9.1.v20140825-1431'>
      <properties size='1'>
        <property name='download.size' value='833742'/>
      </properties>
    </artifact>
    <artifact classifier='osgi.bundle' id='org.eclipse.equinox.app' version='1.3.200.v20130910-1609'>
      <properties size='1'>
        <property name='download.size' value='86245'/>
      </properties>
    </artifact>
    <artifact classifier='osgi.bundle' id='org.eclipse.e4.core.services' version='1.2.1.v20140808-1251'>
      <properties size='1'>
        <property name='download.size' value='45677'/>
      </properties>
    </artifact>
    <artifact classifier='osgi.bundle' id='org.eclipse.xtend' version='2.2.0.v201605260315'>
      <properties size='1'>
        <property name='download.size' value='547911'/>
      </properties>
    </artifact>
    <artifact classifier='osgi.bundle' id='org.eclipse.xtext.ui.codetemplates.ui' version='2.10.0.v201605250459'>
      <properties size='1'>
        <property name='download.size' value='235751'/>
      </properties>
    </artifact>
    <artifact classifier='osgi.bundle' id='org.eclipse.ui.forms' version='3.6.100.v20140422-1825'>
      <properties size='1'>
        <property name='download.size' value='302409'/>
      </properties>
    </artifact>
    <artifact classifier='osgi.bundle' id='org.eclipse.emf.ecore' version='2.11.0.v20150512-0501'>
      <properties size='1'>
        <property name='download.size' value='1189074'/>
      </properties>
    </artifact>
    <artifact classifier='osgi.bundle' id='org.apache.commons.logging' version='1.1.1.v201101211721'>
      <properties size='1'>
        <property name='download.size' value='68107'/>
      </properties>
    </artifact>
    <artifact classifier='osgi.bundle' id='org.w3c.dom.events' version='3.0.0.draft20060413_v201105210656'>
      <properties size='1'>
        <property name='download.size' value='13309'/>
      </properties>
    </artifact>
    <artifact classifier='osgi.bundle' id='org.apache.commons.cli' version='1.2.0.v201404270220'>
      <properties size='1'>
        <property name='download.size' value='49567'/>
      </properties>
    </artifact>
    <artifact classifier='osgi.bundle' id='org.eclipse.jdt.debug' version='3.8.102.v20150115-1323'>
      <properties size='1'>
        <property name='download.size' value='870105'/>
      </properties>
      <repositoryProperties size='1'>
        <property name='artifact.folder' value='true'/>
      </repositoryProperties>
    </artifact>
    <artifact classifier='osgi.bundle' id='org.eclipse.e4.core.contexts' version='1.3.100.v20140407-1019'>
      <properties size='1'>
        <property name='download.size' value='49023'/>
      </properties>
    </artifact>
    <artifact classifier='osgi.bundle' id='org.eclipse.osgi.services' version='3.4.0.v20140312-2051'>
      <properties size='1'>
        <property name='download.size' value='90686'/>
      </properties>
    </artifact>
    <artifact classifier='osgi.bundle' id='org.apache.commons.lang' version='2.6.0.v201404270220'>
      <properties size='1'>
        <property name='download.size' value='299234'/>
      </properties>
    </artifact>
    <artifact classifier='osgi.bundle' id='com.datastax.driver.core' version='1.6.0'>
      <properties size='1'>
        <property name='download.size' value='2965886'/>
      </properties>
    </artifact>
    <artifact classifier='osgi.bundle' id='org.eclipse.ui.ide' version='3.10.2.v20141118-1227'>
      <properties size='1'>
        <property name='download.size' value='2530657'/>
      </properties>
    </artifact>
    <artifact classifier='osgi.bundle' id='org.eclipse.emf.mwe2.language' version='2.9.0.v201605261103'>
      <properties size='1'>
        <property name='download.size' value='206567'/>
      </properties>
    </artifact>
    <artifact classifier='osgi.bundle' id='org.eclipse.ltk.ui.refactoring' version='3.7.100.v20140324-1358'>
      <properties size='1'>
        <property name='download.size' value='458577'/>
      </properties>
    </artifact>
    <artifact classifier='osgi.bundle' id='org.eclipse.xtext.util' version='2.10.0.v201605250459'>
      <properties size='1'>
        <property name='download.size' value='280111'/>
      </properties>
    </artifact>
    <artifact classifier='osgi.bundle' id='com.ibm.icu' version='52.1.1.v201501240615'>
      <properties size='1'>
        <property name='download.size' value='10731420'/>
      </properties>
    </artifact>
    <artifact classifier='osgi.bundle' id='com.datastax.devcenter.schema' version='1.6.0'>
      <properties size='1'>
        <property name='download.size' value='29449'/>
      </properties>
    </artifact>
    <artifact classifier='osgi.bundle' id='org.eclipse.jdt.ui' version='3.10.2.v20141014-1419'>
      <properties size='1'>
        <property name='download.size' value='10464010'/>
      </properties>
    </artifact>
    <artifact classifier='osgi.bundle' id='com.datastax.devcenter.ui' version='1.6.0'>
      <properties size='1'>
        <property name='download.size' value='4968'/>
      </properties>
    </artifact>
    <artifact classifier='osgi.bundle' id='org.eclipse.help' version='3.6.0.v20130326-1254'>
      <properties size='1'>
        <property name='download.size' value='258927'/>
      </properties>
    </artifact>
    <artifact classifier='osgi.bundle' id='com.datastax.devcenter.common.win' version='1.6.0'>
      <properties size='1'>
        <property name='download.size' value='3527'/>
      </properties>
    </artifact>
    <artifact classifier='osgi.bundle' id='org.eclipse.emf.edit.ui' version='2.11.0.v20150601-0402'>
      <properties size='1'>
        <property name='download.size' value='236426'/>
      </properties>
    </artifact>
    <artifact classifier='osgi.bundle' id='com.datastax.devcenter.connections' version='1.6.0'>
      <properties size='1'>
        <property name='download.size' value='134862'/>
      </properties>
    </artifact>
    <artifact classifier='osgi.bundle' id='com.datastax.devcenter.common' version='1.6.0'>
      <properties size='1'>
        <property name='download.size' value='67831'/>
      </properties>
    </artifact>
    <artifact classifier='osgi.bundle' id='org.apache.batik.util' version='1.7.0.v201011041433'>
      <properties size='1'>
        <property name='download.size' value='150535'/>
      </properties>
    </artifact>
    <artifact classifier='osgi.bundle' id='org.eclipse.xtend.lib.macro' version='2.10.0.v201605250459'>
      <properties size='1'>
        <property name='download.size' value='72770'/>
      </properties>
    </artifact>
    <artifact classifier='osgi.bundle' id='org.apache.commons.beanutils' version='1.8.0.v201205091237'>
      <properties size='1'>
        <property name='download.size' value='247269'/>
      </properties>
    </artifact>
    <artifact classifier='osgi.bundle' id='org.eclipse.xtext.common.types.ui' version='2.10.0.v201605250459'>
      <properties size='1'>
        <property name='download.size' value='252813'/>
      </properties>
    </artifact>
    <artifact classifier='osgi.bundle' id='org.apache.httpcomponents.httpcore' version='4.3.3.v201411290715'>
      <properties size='1'>
        <property name='download.size' value='318626'/>
      </properties>
    </artifact>
    <artifact classifier='osgi.bundle' id='org.eclipse.xtext.ide' version='2.10.0.v201605250459'>
      <properties size='1'>
        <property name='download.size' value='192930'/>
      </properties>
    </artifact>
    <artifact classifier='osgi.bundle' id='com.datastax.devcenter.rcp' version='1.6.0'>
      <properties size='1'>
        <property name='download.size' value='330921'/>
      </properties>
      <repositoryProperties size='1'>
        <property name='artifact.folder' value='true'/>
      </repositoryProperties>
    </artifact>
    <artifact classifier='osgi.bundle' id='org.eclipse.equinox.security' version='1.2.0.v20130424-1801'>
      <properties size='1'>
        <property name='download.size' value='107313'/>
      </properties>
    </artifact>
    <artifact classifier='osgi.bundle' id='org.eclipse.team.ui' version='3.7.100.v20130710-1213'>
      <properties size='1'>
        <property name='download.size' value='1438912'/>
      </properties>
    </artifact>
    <artifact classifier='osgi.bundle' id='org.w3c.dom.smil' version='1.0.1.v200903091627'>
      <properties size='1'>
        <property name='download.size' value='19446'/>
      </properties>
    </artifact>
    <artifact classifier='osgi.bundle' id='org.eclipse.emf.codegen.ecore' version='2.11.0.v20150601-0402'>
      <properties size='1'>
        <property name='download.size' value='1078041'/>
      </properties>
    </artifact>
    <artifact classifier='osgi.bundle' id='org.eclipse.e4.ui.di' version='1.0.0.v20140328-2112'>
      <properties size='1'>
        <property name='download.size' value='15867'/>
      </properties>
    </artifact>
    <artifact classifier='osgi.bundle' id='org.eclipse.jdt.core.manipulation' version='1.5.0.v20130605-1748'>
      <properties size='1'>
        <property name='download.size' value='87593'/>
      </properties>
    </artifact>
    <artifact classifier='osgi.bundle' id='org.eclipse.ui.views' version='3.7.0.v20140408-0703'>
      <properties size='1'>
        <property name='download.size' value='97419'/>
      </properties>
    </artifact>
    <artifact classifier='osgi.bundle' id='org.eclipse.xtext.builder' version='2.10.0.v201605250459'>
      <properties size='1'>
        <property name='download.size' value='359433'/>
      </properties>
    </artifact>
    <artifact classifier='osgi.bundle' id='javax.inject' version='1.0.0.v20091030'>
      <properties size='1'>
        <property name='download.size' value='12288'/>
      </properties>
    </artifact>
    <artifact classifier='osgi.bundle' id='org.eclipse.osgi' version='3.10.2.v20150203-1939'>
      <properties size='1'>
        <property name='download.size' value='1265319'/>
      </properties>
    </artifact>
    <artifact classifier='osgi.bundle' id='org.eclipse.search' version='3.9.100.v20140226-1637'>
      <properties size='1'>
        <property name='download.size' value='472929'/>
      </properties>
    </artifact>
    <artifact classifier='osgi.bundle' id='org.eclipse.core.databinding.observable' version='1.4.1.v20140210-1835'>
      <properties size='1'>
        <property name='download.size' value='297390'/>
      </properties>
    </artifact>
    <artifact classifier='osgi.bundle' id='org.eclipse.equinox.p2.core' version='2.3.0.v20131211-1531'>
      <properties size='1'>
        <property name='download.size' value='71246'/>
      </properties>
    </artifact>
    <artifact classifier='osgi.bundle' id='org.eclipse.e4.ui.css.swt.theme' version='0.9.300.v20141126-1957'>
      <properties size='1'>
        <property name='download.size' value='26488'/>
      </properties>
    </artifact>
    <artifact classifier='osgi.bundle' id='org.eclipse.xtext.ui.codetemplates' version='2.10.0.v201605250459'>
      <properties size='1'>
        <property name='download.size' value='268396'/>
      </properties>
    </artifact>
    <artifact classifier='osgi.bundle' id='org.eclipse.xtext.ecore' version='2.10.0.v201605250459'>
      <properties size='1'>
        <property name='download.size' value='16241'/>
      </properties>
    </artifact>
    <artifact classifier='osgi.bundle' id='org.eclipse.core.contenttype' version='3.4.200.v20140207-1251'>
      <properties size='1'>
        <property name='download.size' value='93948'/>
      </properties>
    </artifact>
    <artifact classifier='osgi.bundle' id='org.apache.commons.codec' version='1.6.0.v201305230611'>
      <properties size='1'>
        <property name='download.size' value='258006'/>
      </properties>
    </artifact>
    <artifact classifier='osgi.bundle' id='org.eclipse.xtext.ui' version='2.10.0.v201605250459'>
      <properties size='1'>
        <property name='download.size' value='1733901'/>
      </properties>
    </artifact>
    <artifact classifier='osgi.bundle' id='org.apache.log4j' version='1.2.15.v201012070815'>
      <properties size='1'>
        <property name='download.size' value='414383'/>
      </properties>
    </artifact>
    <artifact classifier='osgi.bundle' id='org.eclipse.core.resources.win32.x86_64' version='3.5.0.v20140124-1940'>
      <properties size='1'>
        <property name='download.size' value='27687'/>
      </properties>
    </artifact>
    <artifact classifier='osgi.bundle' id='org.eclipse.e4.ui.workbench' version='1.2.2.v20141212-1259'>
      <properties size='1'>
        <property name='download.size' value='282949'/>
      </properties>
    </artifact>
    <artifact classifier='osgi.bundle' id='org.eclipse.swt.win32.win32.x86_64' version='3.103.2.v20150203-1351'>
      <properties size='1'>
        <property name='download.size' value='2708443'/>
      </properties>
    </artifact>
    <artifact classifier='osgi.bundle' id='org.eclipse.xtext.common.types' version='2.10.0.v201605250459'>
      <properties size='1'>
        <property name='download.size' value='480605'/>
      </properties>
    </artifact>
    <artifact classifier='osgi.bundle' id='org.eclipse.ui.intro' version='3.4.200.v20130326-1254'>
      <properties size='1'>
        <property name='download.size' value='309441'/>
      </properties>
    </artifact>
    <artifact classifier='osgi.bundle' id='org.eclipse.ui.console' version='3.5.300.v20140424-1437'>
      <properties size='1'>
        <property name='download.size' value='179299'/>
      </properties>
    </artifact>
    <artifact classifier='osgi.bundle' id='org.eclipse.compare.core' version='3.5.400.v20130903-0736'>
      <properties size='1'>
        <property name='download.size' value='63387'/>
      </properties>
    </artifact>
    <artifact classifier='osgi.bundle' id='org.eclipse.e4.ui.workbench.renderers.swt' version='0.12.2.v20150204-1353'>
      <properties size='1'>
        <property name='download.size' value='357058'/>
      </properties>
    </artifact>
    <artifact classifier='osgi.bundle' id='org.eclipse.e4.ui.css.core' version='0.10.100.v20140424-2042'>
      <properties size='1'>
        <property name='download.size' value='207929'/>
      </properties>
    </artifact>
    <artifact classifier='osgi.bundle' id='org.eclipse.equinox.common' version='3.6.200.v20130402-1505'>
      <properties size='1'>
        <property name='download.size' value='106701'/>
      </properties>
    </artifact>
    <artifact classifier='osgi.bundle' id='org.eclipse.swt' version='3.103.2.v20150203-1313'>
      <properties size='1'>
        <property name='download.size' value='18481'/>
      </properties>
    </artifact>
    <artifact classifier='osgi.bundle' id='org.eclipse.emf.common' version='2.11.0.v20150512-0501'>
      <properties size='1'>
        <property name='download.size' value='353299'/>
      </properties>
    </artifact>
    <artifact classifier='osgi.bundle' id='org.eclipse.ui.navigator' version='3.5.401.v20140724-1117'>
      <properties size='1'>
        <property name='download.size' value='403434'/>
      </properties>
    </artifact>
    <artifact classifier='osgi.bundle' id='org.eclipse.emf.mwe.core' version='1.3.20.v201605261103'>
      <properties size='1'>
        <property name='download.size' value='193136'/>
      </properties>
    </artifact>
    <artifact classifier='osgi.bundle' id='org.w3c.css.sac' version='1.3.1.v200903091627'>
      <properties size='1'>
        <property name='download.size' value='32952'/>
      </properties>
    </artifact>
    <artifact classifier='osgi.bundle' id='org.eclipse.xtext.logging' version='1.2.15.v201605250459'>
      <properties size='1'>
        <property name='download.size' value='10918'/>
      </properties>
    </artifact>
    <artifact classifier='osgi.bundle' id='org.eclipse.core.runtime.compatibility.registry' version='3.5.300.v20140128-0851'>
      <properties size='1'>
        <property name='download.size' value='18978'/>
      </properties>
      <repositoryProperties size='1'>
        <property name='artifact.folder' value='true'/>
      </repositoryProperties>
    </artifact>
    <artifact classifier='osgi.bundle' id='org.eclipse.core.databinding.beans' version='1.2.200.v20140214-0004'>
      <properties size='1'>
        <property name='download.size' value='76517'/>
      </properties>
    </artifact>
    <artifact classifier='osgi.bundle' id='org.eclipse.emf.mwe2.launch' version='2.9.0.v201605261103'>
      <properties size='1'>
        <property name='download.size' value='22696'/>
      </properties>
    </artifact>
    <artifact classifier='osgi.bundle' id='com.google.inject' version='3.0.0.v201312141243'>
      <properties size='1'>
        <property name='download.size' value='520611'/>
      </properties>
    </artifact>
    <artifact classifier='osgi.bundle' id='org.eclipse.jdt.compiler.tool' version='1.0.300.v20150114-1827'>
      <properties size='1'>
        <property name='download.size' value='58647'/>
      </properties>
    </artifact>
    <artifact classifier='osgi.bundle' id='org.eclipse.xtext.xbase.ide' version='2.10.0.v201605250459'>
      <properties size='1'>
        <property name='download.size' value='628480'/>
      </properties>
    </artifact>
    <artifact classifier='osgi.bundle' id='org.eclipse.emf.ecore.edit' version='2.9.0.v20150601-0402'>
      <properties size='1'>
        <property name='download.size' value='126877'/>
      </properties>
    </artifact>
    <artifact classifier='osgi.bundle' id='org.eclipse.equinox.preferences' version='3.5.200.v20140224-1527'>
      <properties size='1'>
        <property name='download.size' value='127161'/>
      </properties>
    </artifact>
    <artifact classifier='osgi.bundle' id='org.eclipse.core.filesystem.win32.x86_64' version='1.4.0.v20140124-1940'>
      <properties size='1'>
        <property name='download.size' value='32009'/>
      </properties>
    </artifact>
    <artifact classifier='osgi.bundle' id='org.eclipse.xtext.xbase' version='2.10.0.v201605250459'>
      <properties size='1'>
        <property name='download.size' value='4704974'/>
      </properties>
    </artifact>
    <artifact classifier='osgi.bundle' id='org.eclipse.equinox.p2.engine' version='2.3.0.v20140506-1720'>
      <properties size='1'>
        <property name='download.size' value='204376'/>
      </properties>
    </artifact>
    <artifact classifier='osgi.bundle' id='com.datastax.devcenter.cql' version='1.6.0'>
      <properties size='1'>
        <property name='download.size' value='4250434'/>
      </properties>
    </artifact>
    <artifact classifier='osgi.bundle' id='org.eclipse.equinox.p2.metadata' version='2.2.0.v20131211-1531'>
      <properties size='1'>
        <property name='download.size' value='337848'/>
      </properties>
    </artifact>
  </artifacts>
</repository>
